Denominazione,Indirizzo,CAP,Comune,Provincia,Regione,Codice_univoco,Partita_IVA
FARMACIA CASTELLI S.N.C. DOTT.SSE GIORGIA PAVAN E DALILA PEDRETTI,"Piazza Pompeo Castelli, 14",20156,Milano,Milano (MI),Lombardia,F/2986,10151100962
SANTA GIULIA,"Via Bonfadini, 87",20138,Milano,Milano (MI),Lombardia,F/18125,01662890670
ALLEANZA FARMACEUTICA,"Via Cesare Correnti, 2",20123,Milano,Milano (MI),Lombardia,F/2802,02309010151
ALZAIA PAVESE SAS DR. CRUPI NICOLA & C.,"Via Mario Pichi, 9",20149,Milano,Milano (MI),Lombardia,F/2886,04130990965
ANTICA FARMACIA DEL VERZIERE DI ROSANNA VIGANO' & C. SNC,"Corso 22 Marzo, 52/7",20137,Milano,Milano (MI),Lombardia,F/2666,09566000965
ANTICA FARMACIA DIANA,"Piazzale Oberdan, 4",20129,Milano,Milano (MI),Lombardia,F/2958,12522980155
ARIBERTO SAS,"Via Edmondo De Amicis, 51",20123,Milano,Milano (MI),Lombardia,F/2898,10811240158
NUOVA BERETTA SNC DI SILVIA BASSI & C.,"Viale Bligny, 47",20136,Milano,Milano (MI),Lombardia,F/2601,08586580964
BICOCCA SNC,"Viale Suzzani, 273",20162,Milano,Milano (MI),Lombardia,F/2672,05381100964
DE LUCA SNC,"Via Nino Bixio, 1",20129,Milano,Milano (MI),Lombardia,F/2918,06759200964
MUNICIPALE N.16,"Via Suzzani, 155",20162,Milano,Milano (MI),Lombardia,F/2713,01199250158
MUNICIPALE N.15,"VIa Pierlombardo, 19",20135,Milano,Milano (MI),Lombardia,F/2714,01199250158
MUNICIPALE N.13,"Piazza Bonomelli, 4",20139,Milano,Milano (MI),Lombardia,F/2717,01199250158
MUNICIPALE N.25,"Via Forze Armate, 44",20147,Milano,Milano (MI),Lombardia,F/2720,01199250158
MUNICIPALE N.10,"Via Palanzone, 32",20162,Milano,Milano (MI),Lombardia,F/2722,01199250158
MUNICIPALE N.81,"Via Chiarelli, 10",20151,Milano,Milano (MI),Lombardia,F/2723,01199250158
MUNICIPALE N.8,"Via Val Maira, 14",20162,Milano,Milano (MI),Lombardia,F/2726,01199250158
MUNICIPALE N.20,"Piazza Axum, 5/3",20151,Milano,Milano (MI),Lombardia,F/2727,01199250158
MUNICIPALE N.28,"Via Teodosio, 104",20131,Milano,Milano (MI),Lombardia,F/2728,01199250158
MUNICIPALE N.29,"Via Lessona, 55",20157,Milano,Milano (MI),Lombardia,F/2729,01199250158
MUNICIPALE N.12,"VIa Iglesias, 48",20128,Milano,Milano (MI),Lombardia,F/2732,01199250158
MUNICIPALE N.24,"Via Morgantini, 14",20148,Milano,Milano (MI),Lombardia,F/2733,01199250158
MUNICIPALE N.33,"Via Angeloni, 33",20161,Milano,Milano (MI),Lombardia,F/2734,01199250158
MUNICIPALE N.37,"Via Vetta d'Italia, 18",20144,Milano,Milano (MI),Lombardia,F/2735,01199250158
MUNICIPALE N.31,"Via Vignoli, 42/44",20146,Milano,Milano (MI),Lombardia,F/2736,01199250158
MUNICIPALE N.35,"Via Petrocchi, 21",20127,Milano,Milano (MI),Lombardia,F/2737,01199250158
MUNICIPALE N.34,"Via Marucchetti, 27",20139,Milano,Milano (MI),Lombardia,F/2742,01199250158
MUNICIPALE N.39,"Piazza Anita Garibaldi, 8",20153,Milano,Milano (MI),Lombardia,F/2743,01199250158
MUNICIPALE N.36,"Via Nicolaiewka, 3",20152,Milano,Milano (MI),Lombardia,F/2744,01199250158
MUNICIPALE N.80,Piazza Zavattari ang.Murillo,20149,Milano,Milano (MI),Lombardia,F/2748,01199250158
MUNICIPALE N.41,"Viale Suzzani, 239",20162,Milano,Milano (MI),Lombardia,F/2749,01199250158
MUNICIPALE N.49,"Via Fratelli Zanzottera, 12",20153,Milano,Milano (MI),Lombardia,F/2763,01199250158
MUNICIPALE N.46,"Via Cignoli, 1",20151,Milano,Milano (MI),Lombardia,F/2767,01199250158
MUNICIPALE N.47,"Via Foppa, 5",20121,Milano,Milano (MI),Lombardia,F/2768,01199250158
MUNICIPALE N.48,"Viale Aruzzi, 4",20100,Milano,Milano (MI),Lombardia,F/2772,01199250158
MUNICIPALE N.57,"Via Del Pettirosso, 16",20147,Milano,Milano (MI),Lombardia,F/2773,01199250158
MUNICIPALE N.14,"Via Grigna, 9",20155,Milano,Milano (MI),Lombardia,F/2776,01199250158
MUNICIPALE N.58,"Via Palmanova, 67",20132,Milano,Milano (MI),Lombardia,F/2777,01199250158
MUNICIPALE N.59,"Via Zuretti, 37",20125,Milano,Milano (MI),Lombardia,F/2778,01199250158
LLOYD FARMACIA COMUNALE N.60,"Via D'Agrate, 1",20139,Milano,Milano (MI),Lombardia,F/2779,01199250158
MUNICIPALE N.61,"Via R. Bonghi, 22",20141,Milano,Milano (MI),Lombardia,F/2780,01199250158
MUNICIPALE N.62,"Via Illirico, 2",20133,Milano,Milano (MI),Lombardia,F/2781,01199250158
MUNICIPALE N.63,"Via G. Murat, 5",20159,Milano,Milano (MI),Lombardia,F/2783,01199250158
MUNICIPALE N.64,"Via Arbe, 65",20125,Milano,Milano (MI),Lombardia,F/2784,01199250158
MUNICIPALE N.65,"Via Compagnoni, 24",20129,Milano,Milano (MI),Lombardia,F/2785,01199250158
MUNICIPALE N.66,"Via Alcuino, 18",20149,Milano,Milano (MI),Lombardia,F/2786,01199250158
MUNICIPALE N.67,"Via Casoretto, 1",20131,Milano,Milano (MI),Lombardia,F/2789,01199250158
MUNICIPALE N.70,"Via Famagosta, 40",20142,Milano,Milano (MI),Lombardia,F/2791,01199250158
MUNICIPALE N.71,"Via Battistoni Sassi, 24",20133,Milano,Milano (MI),Lombardia,F/2792,01199250158
MUNICIPALE N.72,"Via Cucchiari, 15",20155,Milano,Milano (MI),Lombardia,F/2793,01199250158
MUNICIPALE N.68,Via Sacco ang. P.za De Angeli,20146,Milano,Milano (MI),Lombardia,F/2794,01199250158
MUNICIPALE N.74,"Piazza Falterona, 3",20148,Milano,Milano (MI),Lombardia,F/2797,01199250158
MUNICIPALE N.78,"Via Sismondi, 67",20133,Milano,Milano (MI),Lombardia,F/2804,01199250158
MUNICIPALE N.79,"Via De Ruggero, 8",20142,Milano,Milano (MI),Lombardia,F/2805,01199250158
MUNICIPALE N.83,"Viale Monza, 226",20128,Milano,Milano (MI),Lombardia,F/2809,01199250158
MUNICIPALE N.84,"Via De Pretis, 1",20142,Milano,Milano (MI),Lombardia,F/2840,01199250158
MAZZOLENI SNC,"Via Nicola Piccinni, 1/3",20131,Milano,Milano (MI),Lombardia,F/2643,01032660159
ORIO SNC,"Piazza 6 Febbraio, 16",20145,Milano,Milano (MI),Lombardia,F/2688,07830220963
PALAZZOLO DEL DR. DANIELE OTTAVIO,"Viale Montenero, 37",20135,Milano,Milano (MI),Lombardia,F/2651,09127160969
Giardino,"Via Calderini, 3",20123,Milano,Milano (MI),Lombardia,F/18371,00774640155
COOP.FARM.DUOMO,"Via Orefici, 2",20123,Milano,Milano (MI),Lombardia,F/2612,00774640155
COOP.FARM.VITTORIA,"Via Fontana 1 - Angolo C.so Porta Vittoria, 36",20122,Milano,Milano (MI),Lombardia,F/2613,00774640155
COOP.FARM.CANONICA,"Via Canonica, 6",20154,Milano,Milano (MI),Lombardia,F/2614,00774640155
COOP.FARM.PONTACCIO,"Via Pontaccio, 22",20121,Milano,Milano (MI),Lombardia,F/2615,00774640155
COOP.FARM.SEMPIONE,"Piazzale Sempione, 8",20154,Milano,Milano (MI),Lombardia,F/2616,00774640155
CASTELVETRO SNC,"Via P. Della Francesca, 38",20154,Milano,Milano (MI),Lombardia,F/2947,11973480152
CAVALLI,"Via Candiani, 122",20158,Milano,Milano (MI),Lombardia,F/2878,09629510158
COOP.FARM.MANZONI,"Via Bigli, 28 (ang.via Manzoni)",20121,Milano,Milano (MI),Lombardia,F/2617,00774640155
COOP.FARM.S.AGNESE,"Via Giardini Aristice Calderini, 3",20123,Milano,Milano (MI),Lombardia,F/2618,00774640155
COOP.FARM.VERCELLI,"Corso Vercelli, 5",20144,Milano,Milano (MI),Lombardia,F/2619,00774640155
COOP.FARM.LIMA,"Via Plinio, 1 ( ang.Piazza Lima)",20129,Milano,Milano (MI),Lombardia,F/2620,00774640155
COOP.FARM.BAIAMONTI,"Piazza Baiamonti, 1",20154,Milano,Milano (MI),Lombardia,F/2621,00774640155
COOP.FARM.COLOMBO,"Corso Colombo, 1",20144,Milano,Milano (MI),Lombardia,F/2622,00774640155
COOP.FARM.LAMARMORA,"Via Lamarmora, 2",20122,Milano,Milano (MI),Lombardia,F/2623,00774640155
CORDUSIO SNC,"Via Cordusio, 2",20123,Milano,Milano (MI),Lombardia,F/2922,08741670965
CORSICO,"Corso Lodi, 19",20135,Milano,Milano (MI),Lombardia,F/2929,11650210153
DEL MERCATO,"Via Varsavia, 4",20137,Milano,Milano (MI),Lombardia,F/2664,00875580151
DELLA CITTADELLA,"Corso P.ta Ticinese, 50",20123,Milano,Milano (MI),Lombardia,F/2659,02939320152
DELLE QUERCE DEL DOTT. SERGIO SPITALERI & C. SAS,"Via G. Forni, 34",20161,Milano,Milano (MI),Lombardia,F/2824,09065840960
FALQUI,"Viale Zara, 145",20159,Milano,Milano (MI),Lombardia,F/2811,10169520151
FERRARINI SNC DI VIGANO' SOFIA & C.,"Piazza 5 Giornate, 6",20129,Milano,Milano (MI),Lombardia,F/2753,04026870966
FIORDALISI,"Via Fiordalisi, 2",20146,Milano,Milano (MI),Lombardia,F/2827,08121600152
FORLANINI,"Viale Forlanini, 50/5",20138,Milano,Milano (MI),Lombardia,F/2865,09833270151
G.DUE,"Via Falck, 19/A",20151,Milano,Milano (MI),Lombardia,F/2909,02376000960
GABBIANI DE VECCHI ENEA,"Via della Moscova, 22",20121,Milano,Milano (MI),Lombardia,F/2686,04127060962
GENOVA SAS,"Corso Genova, 27",20123,Milano,Milano (MI),Lombardia,F/2867,07210180969
GIAMBELLINO,"Via Giambellino ,64",20146,Milano,Milano (MI),Lombardia,F/2844,09013310157
GRILLI SNC,"Via C. Dolci, 6",20149,Milano,Milano (MI),Lombardia,F/2892,10739420155
BOCCACCIO,"Via Boccaccio, 26",20123,Milano,Milano (MI),Lombardia,F/2810,04636170153
BRIANZA SNC,"Viale Brianza, 23",20127,Milano,Milano (MI),Lombardia,F/3016,05675450968
BROLETTO,"Via Broletto, 30",20121,Milano,Milano (MI),Lombardia,F/2807,08043670960
CALDARINI,"Via Grossich, 11/15",20131,Milano,Milano (MI),Lombardia,F/2973,00626580153
PAVESIO SAS,"Via Giorgio Chavez, 19",20131,Milano,Milano (MI),Lombardia,F/2837,05528980963
LIBERTY DI MANGIMI,"Via San Paolo, 7",20121,Milano,Milano (MI),Lombardia,F/2999,01682210032
LORETO SNC DEL DR. GRECO ANTONIO MARIA & C.,"Piazzale Loreto, 7",20131,Milano,Milano (MI),Lombardia,F/2887,10703870153
SACCHI SNC DI SACCHI BERTRANDO & NOVARA ALESSANDRO,"Via Anfossi, 9",20135,Milano,Milano (MI),Lombardia,F/3015,03614190969
SANT'AGOSTINO,"Via S. Vincenzo, 1",20123,Milano,Milano (MI),Lombardia,F/2660,08972030962
SARDEGNA S.N.C. -DR. DAVIDE MAZZOLI &C.,"Via Sardegna, 31",20146,Milano,Milano (MI),Lombardia,F/2630,05345570963
SCHIAVIO SNC,"Via Carducci, 11",20123,Milano,Milano (MI),Lombardia,F/2649,05271460965
SCIENTIFICA,"Via C. Menotti, 18/21",20129,Milano,Milano (MI),Lombardia,F/2989,01033180157
SEGRE DELLA DR.SSA DEBORAH SEGRE,"Via Primaticcio, 217",20147,Milano,Milano (MI),Lombardia,F/2880,07475020967
SEMPIO DEI DR.I DANIELE SEMPIO E GIANANTONIO SEMPIO,"Via Montegani, 4",20141,Milano,Milano (MI),Lombardia,F/2700,09699540960
SOLARI,"Via Solari, 40",20144,Milano,Milano (MI),Lombardia,F/2829,07796270960
SUSA SAS DR. LIBERO BUCCARELLI & C.,"Piazzale Susa, 6",20133,Milano,Milano (MI),Lombardia,F/2970,12376240151
TADDEI SNC DI BRUNA TADDEI & C.,"Via Airolo, 36",20159,Milano,Milano (MI),Lombardia,F/2676,08615080960
TICINESE,"Corso S. Gottardo, 1",20136,Milano,Milano (MI),Lombardia,F/2636,01660590157
TOLSTOJ DI DR. HASSAN SANDRO,"Via Leone Tolstoj, 17",20146,Milano,Milano (MI),Lombardia,F/2628,09287610969
TONALE,"Via Tonale, 26",20125,Milano,Milano (MI),Lombardia,F/2694,03866530151
TOSCHI,"Viale Corsica, 42",20137,Milano,Milano (MI),Lombardia,F/2693,00793230152
UNGHERIA DI DE LUCA EREDI SDF,"Viale Ungheria, 10",20138,Milano,Milano (MI),Lombardia,F/2752,10635170151
VENTO Andreulli,"Via G. Quarenghi, 40/1",20151,Milano,Milano (MI),Lombardia,F/2899,04727500961
VERCESI SAS,"Via Cinque Maggio, 1",20157,Milano,Milano (MI),Lombardia,F/2877,07492520965
CATTANEO,"Via S. Gimignano, 13/A",20146,Milano,Milano (MI),Lombardia,F/2721,05665730965
PLEBISCITI SNC,"Corso Plebisciti, 7",20129,Milano,Milano (MI),Lombardia,F/2754,05752130962
PONTE NUOVO,"Via Ponte Nuovo, 40",20128,Milano,Milano (MI),Lombardia,F/2771,08598300963
PONTE SEVESO,"Via Schiapparelli, 4",20125,Milano,Milano (MI),Lombardia,F/2599,01533800155
PORTICI,"Via Lorenteggio, 22",20146,Milano,Milano (MI),Lombardia,F/2932,11702960151
QT8,"Via Collecchio, 4",20148,Milano,Milano (MI),Lombardia,F/2815,07155480150
QUAI DI QUAI ARDUINO GIOVANNI,"Via F.lli Fraschini, 8",20142,Milano,Milano (MI),Lombardia,F/3013,03610970968
REMOTTI,"Viale Premuda, 10",20129,Milano,Milano (MI),Lombardia,F/2945,11988310154
ROMBON,"Via Rombon, 29",20134,Milano,Milano (MI),Lombardia,F/2671,04113380150
RONDO' FARINI - MORETTI BARBARA,"Piazza Maciachini, 24",20159,Milano,Milano (MI),Lombardia,F/3007,03315190961
ROSSETTO S.N.C. DR.SSA FRANCONE CRISTIANA & C.,"Piazzale Gorini, 14",20133,Milano,Milano (MI),Lombardia,F/2656,01186290159
S. CAMILLO SNC,"Piazzale Martini, 3",20137,Milano,Milano (MI),Lombardia,F/2894,10767360158
S. LUCA - DR.SSA LIVRAGHI,"Via Carnevali, 70",20158,Milano,Milano (MI),Lombardia,F/2857,09510150155
S. MARIA ALLA FONTANA,"Via Thaon di Revel, 12",20159,Milano,Milano (MI),Lombardia,F/2926,07617700153
CORSO VERCELLI DI CERA STEFANO,"Via Cherubini, 2",20145,Milano,Milano (MI),Lombardia,F/2823,09479870967
CALO' DEL DR CALO' DANTE,"Piazzale Gabrio Piola, 1",20131,Milano,Milano (MI),Lombardia,F/2653,09726360960
CINQUE GIORNATE SNC,"Piazza Cinque Giornate, 7",20129,Milano,Milano (MI),Lombardia,F/2606,07111920968
CARLO ALBERTO DEL DR. RAITERO MARCO SERGIO,"Via Mazzini, 12",20123,Milano,Milano (MI),Lombardia,F/2634,06660150969
GRECO DI PICCARDI DOTT.NICOLA,"Viale delle Rimembranze di Greco, 40",20125,Milano,Milano (MI),Lombardia,F/2851,09180910961
AL PORTELLO SNC DI ALBERTO PAIANI E MICAELA CLEMENTE,"Via Grosotto, 5 - angolo via Traiano",20149,Milano,Milano (MI),Lombardia,F/2938,05858450967
MEDA SNC,"Via Meda, 37",20141,Milano,Milano (MI),Lombardia,F/2888,08119590969
METALLA SNC,"Viale Umbria, 19",20135,Milano,Milano (MI),Lombardia,F/2914,11017670156
MOIZIO SNC,"Corso 22 Marzo, 37",20129,Milano,Milano (MI),Lombardia,F/2906,07355590964
MONFORTE SNC,"Corso Monforte, 19",20122,Milano,Milano (MI),Lombardia,F/2910,11016490150
MONTE NERO - DR. CRESPI,"Viale Monte Nero, 59",20135,Milano,Milano (MI),Lombardia,F/2646,03955000157
LA SAPIENZA,"Via Antonini, 56",20141,Milano,Milano (MI),Lombardia,F/2691,02942570124
MUNICIPALE N.44,"Piazza Scolari, 3",20151,Milano,Milano (MI),Lombardia,F/2675,01199250158
MUNICIPALE N.42,"Via Barzilai, 2",20146,Milano,Milano (MI),Lombardia,F/2677,01199250158
MUNICIPALE N.18,"Via Alex Visconti, 22/A",20151,Milano,Milano (MI),Lombardia,F/2682,01199250158
MUNICIPALE N.45,"Via Delle Betulle, 36/C",20152,Milano,Milano (MI),Lombardia,F/2702,01199250158
MUNICIPALE N.4,"Via Volvinio, 25",20141,Milano,Milano (MI),Lombardia,F/2708,01199250158
MUNICIPALE N.5,"Via Bagarotti, 40",20152,Milano,Milano (MI),Lombardia,F/2709,01199250158
MUNICIPALE N.6,"Piazza Monti, 9",20153,Milano,Milano (MI),Lombardia,F/2710,01199250158
MUNICIPALE N.7,"Via Forze Armate, 328",20152,Milano,Milano (MI),Lombardia,F/2711,01199250158
MUNICIPALE N.11,"Via Livigno, 6/B",20158,Milano,Milano (MI),Lombardia,F/2712,01199250158
STAZIONE PORTA GENOVA SAS,"Via Vigevano, 45",20144,Milano,Milano (MI),Lombardia,F/3019,03759300969
ITALO INGLESE SNC,"Via E. Lussu, 4",20128,Milano,Milano (MI),Lombardia,F/2884,09617280152
SOCIALE - DR. BERRA,"Viale Monza, 126",20127,Milano,Milano (MI),Lombardia,F/2831,08397670152
PIMPINELLI,"Via Aldini, 108",20157,Milano,Milano (MI),Lombardia,F/2604,03709730968
AFFORI DI DOTT. SPAGGIARI LUIGI WAIFER & C SAS,"Via Zanoli, 3",20161,Milano,Milano (MI),Lombardia,F/2836,05513770965
OLONA SNC,"Viale Coni Zugna, 43",20144,Milano,Milano (MI),Lombardia,F/2939,07639340962
NAZIONALE DR. BOGHI ALESSANDRO,"Corso Colombo, 6",20144,Milano,Milano (MI),Lombardia,F/2826,03616430132
VIALBA,"VIA ARSIA, 152",20157,Milano,Milano (MI),Lombardia,F/2674,01218860151
S. SPIRITO SNC DI DONATI MARIA LUISA E ALBERTOCCHI ROBERTO,"Viale Monza, 325",20126,Milano,Milano (MI),Lombardia,F/2876,05989380968
ORNATO,"Via Ornato, 13/A",20162,Milano,Milano (MI),Lombardia,F/2669,06075690153
MELCHIORRE GIOIA,"Via Melchiorre Gioia, 135",20125,Milano,Milano (MI),Lombardia,F/2701,05248820960
INTERNAZIONALE,"Via C. Matteucci, 4",20129,Milano,Milano (MI),Lombardia,F/2848,07144180960
GALILEO SNC,"Via Viviani, 2",20124,Milano,Milano (MI),Lombardia,F/2930,11632930159
COMOTTI,"Piazza Cavour, 5",20121,Milano,Milano (MI),Lombardia,F/2610,00259480150
MONTEGANI SNC,"Via Barrili, 20",20141,Milano,Milano (MI),Lombardia,F/2782,05133410968
FARMACEUTICA BRAMANTE,"Via Pacini, 30",20131,Milano,Milano (MI),Lombardia,F/2603,01032620153
OLMI SNC,"Via Delle Betulle, 10",20152,Milano,Milano (MI),Lombardia,F/2967,08716030963
MALUGANI SAS DR. GASTALDI GIANCARLO & C.,"Via Predabissi, 2",20131,Milano,Milano (MI),Lombardia,F/2849,05528970964
"Farmacia Giulio Cesare S.n.c. Dei Dr. Roberto, Gabriele E Francesca Marzani","Via Monte Rosa, 27",20149,Milano,Milano (MI),Lombardia,F/2635,10107480963
PONTE VITTORIA SNC DR.SSA LOJERCIO ORIETTA & C.,"Via Visconti Di Modrone, 1",20122,Milano,Milano (MI),Lombardia,F/2654,04900610967
MISSORI SNC,"Piazza Missori, 3",20123,Milano,Milano (MI),Lombardia,F/2952,12263860152
EUROPA SAS DEL DR. MARIO DE CONCA & C.,"Viale Monza, 177",20126,Milano,Milano (MI),Lombardia,F/2960,12507350150
MACCIONI SNC DI PATRIZIA MACCIONI E CATIA MACCIONI,"Via Lepontina, 13",20159,Milano,Milano (MI),Lombardia,F/2994,13148090155
VENTRINI SNC DR.I BADO' BRUNO & C.,"Corso XXII Marzo, 23",20129,Milano,Milano (MI),Lombardia,F/2692,05046640966
LAMPUGNANO,"Via Natta, 20",20151,Milano,Milano (MI),Lombardia,F/2832,08299490154
DEL GARIBALDI,"Corso Garibaldi, 83",20121,Milano,Milano (MI),Lombardia,F/2853,08958070156
MONTE ROSA SNC,"Via Pagliano, 1/A",20149,Milano,Milano (MI),Lombardia,F/2953,07601070969
CERINI,"Via A. Saffi, 6",20123,Milano,Milano (MI),Lombardia,F/2608,07734420966
RIPAMONTI,"Via Ripamonti, 15",20136,Milano,Milano (MI),Lombardia,F/2917,12020110156
Farmacia Certosa S.a.s.,"Viale Certosa, 121",20151,Milano,Milano (MI),Lombardia,F/2891,10704850154
LA PIAZZETTA DOTTORI VAZZANA FRANCESCA MANUELA & SALVATORE FOTI SNC,"Via Sabatino Lopez, 3",20157,Milano,Milano (MI),Lombardia,F/3000,13475660158
S. PAOLO SAS,"Via Pordenone, 1",20132,Milano,Milano (MI),Lombardia,F/2997,13367530154
SALVI,"Via S. Marco, 18",20121,Milano,Milano (MI),Lombardia,F/2657,02849140153
LAGHI,"Viale Certosa, 282",20156,Milano,Milano (MI),Lombardia,F/2874,10224840156
SAN LUIGI SNC,"Corso Lodi, 62",20139,Milano,Milano (MI),Lombardia,F/2885,04546580962
UMBRIA S.A.S.,"Viale Umbria, 109",20135,Milano,Milano (MI),Lombardia,F/2873,04622770966
BALDINI SNC,"Corso Buenos Aires, 39",20124,Milano,Milano (MI),Lombardia,F/2663,06161300964
AMORETTI SNC DI CRUPI NICOLA E C. SNC,"Viale Espinasse, 30",20156,Milano,Milano (MI),Lombardia,F/2730,06469250960
RAIMONDI SNC,"Largo La Foppa, 1",20121,Milano,Milano (MI),Lombardia,F/2846,05752140961
CONFALONIERI SNC DEL DOR. CONFALONIERI FEDERICO,"Viale Monza, 63",20125,Milano,Milano (MI),Lombardia,F/2795,08830300961
TIBALDI SNC DI LAVAGNI PAOLA E DA RIVA LUCA CESARE,"Via Tibaldi, 15",20136,Milano,Milano (MI),Lombardia,F/2858,09089540968
S. CELSO,"Via Crocefisso, 1",20122,Milano,Milano (MI),Lombardia,F/2902,10992670157
EREDI CATALUCCI snc,"Via Ripa Ticinese, 99",20143,Milano,Milano (MI),Lombardia,F/2965,12041830154
HUMANITAS DI TOSELLI GIAMPIERO & C. SNC,"Via Melchiorre Gioia, 43",20124,Milano,Milano (MI),Lombardia,F/2695,12588160155
HUMANITAS SNC,"Via F. Filzi, 10",20124,Milano,Milano (MI),Lombardia,F/2959,12588160155
ARGONNE SAS DEL DR. MAZZANTINI MASSIMO & C.,"Via Masotto, 1",20133,Milano,Milano (MI),Lombardia,F/2798,07117510961
DEL CARMINE,"Via Mercato, 1",20121,Milano,Milano (MI),Lombardia,F/2835,04394790879
PICCHIOTTI,"Viale Affori, 10",20161,Milano,Milano (MI),Lombardia,F/2652,00427210158
CASTELMORRONE - DR. ROTTEGLIA,"Via Castelmorrone, 6",20129,Milano,Milano (MI),Lombardia,F/2690,04226820159
FARINI SAS DR.SSA TRAVIERSO ANTONIETTA & C.,"Via Arnaldo da Brescia, 1",20159,Milano,Milano (MI),Lombardia,F/2948,05488940965
FORMAGGIA SNC DR. TRAVIERSO NICOLA & C.,"Corso Buenos Aires, 4",20124,Milano,Milano (MI),Lombardia,F/2954,05525360961
ITALIA SNC,"Corso Indipendenza, 14",20129,Milano,Milano (MI),Lombardia,F/2908,10843300152
CARLETTI SAS,"Via Mac Mahon, 111",20155,Milano,Milano (MI),Lombardia,F/2915,11017700151
INTERNAZIONALE BOLIVAR,"Piazza Bolivar, 11",20146,Milano,Milano (MI),Lombardia,F/2904,11022640152
ARCHINTO,"Piazzale Archinto, 1",20159,Milano,Milano (MI),Lombardia,F/2916,11174900156
COMASINA SAS,"Piazza Gasparri, 9",20161,Milano,Milano (MI),Lombardia,F/2919,06579460962
Omero,"Via Nicolò Barabino, 3",20139,Milano,Milano (MI),Lombardia,F/2941,11963310153
TURRO,"Via Padova, 109",20127,Milano,Milano (MI),Lombardia,F/2942,11963650152
S. MARIA NASCENTE SNC,"Via Pergine, 2",20148,Milano,Milano (MI),Lombardia,F/2984,12827200150
SMERALDO SNC,"Viale Monte Grappa, 7",20124,Milano,Milano (MI),Lombardia,F/2978,13057020151
CASARSA SNC DR.SSA STAFUZZA LUCIANA,"Via Casarsa, 13",20161,Milano,Milano (MI),Lombardia,F/2808,05322110965
LORENTEGGIO SNC,"Via Lorenteggio, 208",20147,Milano,Milano (MI),Lombardia,F/2820,13457600156
VITRUVIO SNC,"Via Vitruvio, 39",20124,Milano,Milano (MI),Lombardia,F/2961,07514450969
CALATAFIMI SAS DR. ZANETTI ANDREA & C.,"Piazzale di Porta Lodovica, 2",20136,Milano,Milano (MI),Lombardia,F/2605,05707780960
ANTICA FARMACIA DI BRERA SAS DEL DR. STEFANO DANIESI & C.,"Via Fiori Oscuri, 13",20121,Milano,Milano (MI),Lombardia,F/2981,05824090962
PRIMATICCIO 96,"Via Primaticcio, 96",20147,Milano,Milano (MI),Lombardia,F/2881,06327200967
WASHINGTON SNC,"Via Etna, 2",20146,Milano,Milano (MI),Lombardia,F/2893,06393130965
ROCCHI,"Via Alamanni, 2",20141,Milano,Milano (MI),Lombardia,F/2655,07646670963
REMBRANDT,"Via Rembrandt, 49",20148,Milano,Milano (MI),Lombardia,F/2822,07666090159
ANTICA FARMACIA DELL'ABBAZIA DI CHIARAVALLE SNC,"Via Comacchio, 4",20139,Milano,Milano (MI),Lombardia,F/2596,07712200968
LODI SNC,"Corso Lodi, 5",20135,Milano,Milano (MI),Lombardia,F/2860,07765250969
S. GIORGIO,"Via Torino, 48",20123,Milano,Milano (MI),Lombardia,F/2921,11395060152
SELINUNTE SAS,"Piazza Selinunte, 4",20148,Milano,Milano (MI),Lombardia,F/2987,08794770969
DELLA RIPA,"Ripa Ticinese, 33",20143,Milano,Milano (MI),Lombardia,F/2825,02061270167
PIAVE,"Via Bellotti, 1",20129,Milano,Milano (MI),Lombardia,F/2637,03955010156
CONSORZIO FARMASUD,"Via Vittor Pisani, 12",20123,Milano,Milano (MI),Lombardia,F/18990,08874020962
AMEDEO SAS,"Via G.A. Amadeo, 40",20133,Milano,Milano (MI),Lombardia,F/2896,08906970960
MINERVA SNC DR. SERGENT MARCEAU LUDOVICO & C.,"Via Crema, 17",20135,Milano,Milano (MI),Lombardia,F/2647,08923090966
REALE DI AGAPE ALBERTO,"Via Larga, 16",20122,Milano,Milano (MI),Lombardia,F/2998,09517590965
TADINI,"Piazza Tricolore, 2",20142,Milano,Milano (MI),Lombardia,F/2859,09549510155
FARMACIA SANTA CATERINA SRL,"Viale Caterina Da Forli', 7",20146,Milano,Milano (MI),Lombardia,F/2889,11320830968
FARMACIA LEGNANI SRL,"Via RASORI, 2",20145,Milano,Milano (MI),Lombardia,F/2993,11313560960
FARMACIA PENNAGLIA SAS DELLA DOTT.SSA ANNA MARIA PENNAGLIA,"Via Monte Palombino, 9",20138,Milano,Milano (MI),Lombardia,F/2632,10579760967
CADORE,"Via Cadore, 29",20135,Milano,Milano (MI),Lombardia,F/2988,12349690151
MAC MAHON,"Via Principe Eugenio, 19",20155,Milano,Milano (MI),Lombardia,F/3018,11028410964
FARMACIA MONCUCCO S.N.C. DEI DOTTORI ROCCO FREZZA E MARIA FREZZA,"Via RIMINI, 29",20142,Milano,Milano (MI),Lombardia,F/3005,05653610963
SEMPIONE DI GHEZA & C. SNC,"Corso Sempione, 5",20145,Milano,Milano (MI),Lombardia,F/2879,00000002879
LAMBRATE S.R.L.,"Via Pacini, 70",20131,Milano,Milano (MI),Lombardia,F/2949,10991560961
S. MARTINO,"Viale Rimembranze M Lambrate, 18",20134,Milano,Milano (MI),Lombardia,F/2850,11141010964
GLORIA SRL - FARMACIA FASOLIS,"Via Celentano, 1 - Ang. Via Padova, 194",20132,Milano,Milano (MI),Lombardia,F/2665,04582870962
GLORIA SRL - FARMACIA FOGLIA,"Via S. Calimero, 1-Ang. C.so P.ta Romana",20122,Milano,Milano (MI),Lombardia,F/2957,04582870962
DEL GENTILINO SRL,"Via Lagrange, 2",20136,Milano,Milano (MI),Lombardia,F/2633,06819600963
FARMACIA TRIVULZIO,"Via TRIVULZIO, 28",20147,Milano,Milano (MI),Lombardia,F/2900,10889380159
DEL NAVIGLIO SRL,"Via CARLO TROYA, 11",20144,Milano,Milano (MI),Lombardia,F/2969,10878880961
farmacia rubattino sas,"Via R.Pitteri, 93",20134,Milano,Milano (MI),Lombardia,F/2943,10343180963
FARMACIA CENISIO srl,"Via S. Galdino, 11",20154,Milano,Milano (MI),Lombardia,F/2607,11469180969
FARMACIA MELOZZO DA FORLI' DEI DOTTORI LEARCO E MARCELLO SANDI & C.,"Via NOVARA, 3",20147,Milano,Milano (MI),Lombardia,F/2648,11060720965
CA' GRANDA,"Via M. De Angelis, 15",20162,Milano,Milano (MI),Lombardia,F/3009,11485280967
FARMACIA SAN GUIDO - DR.SSA SILVANA TOSCHI,"Viale ESPINASSE CARLO, 172",20156,Milano,Milano (MI),Lombardia,F/2972,13056950150
BIAZZI sas,"Via Giambellino, 131/5",20147,Milano,Milano (MI),Lombardia,F/2842,11442380967
AMBRECK S.R.L.,"Via Stradivari, 1",20131,Milano,Milano (MI),Lombardia,F/2625,10957030967
FARMACIA ANGOLO DELLA SALUTE S.R.L.,"Via PAOLO SARPI, 53",20154,Milano,Milano (MI),Lombardia,F/2935,06312070961
FARMACIA LESSONA DR. COSCO ANTONIO,"Via Via GAZZOLETTI, 3",20157,Milano,Milano (MI),Lombardia,F/3006,03318210964
Firenze S.R.L.,"Via Ruggero di Lauria, 22",20149,Milano,Milano (MI),Lombardia,F/2640,10560170960
FARMACIA IMPERIA SNC DI MANELLI ALESSANDRA,"Via La Spezia, 20",20142,Milano,Milano (MI),Lombardia,F/2979,08271020961
Sigra S.r.l.,"Via Vitruvio, 11",20124,Milano,Milano (MI),Lombardia,F/2924,10132730960
S. Gottardo,"Via Pavia, 1",20136,Milano,Milano (MI),Lombardia,F/2843,09006400155
Farmacia Manca S.n.c. Del Dr. Marco Manca & C.,"Via Giacinto Serrati, 12",20138,Milano,Milano (MI),Lombardia,F/2991,13266660151
Farmacia Padova Di Talpini Dr. Fabio,"Via Atene, 2",20132,Milano,Milano (MI),Lombardia,F/2968,12662920151
FARMACIA DE POLI SAS-DR.SSA MARIACHIARA DE POLI & C.,"Viale Lombardia, 65",20131,Milano,Milano (MI),Lombardia,F/2955,10320280968
FARMACIA COLONNE DI SAN LORENZO MILANO DELLA DR.SSA STRAZIOTA CATERINA & C. SNC,"Corso Di Porta Ticinese, 24",20123,Milano,Milano (MI),Lombardia,F/2983,10823840961
BRACCIO SRL,"Galleria Felice Casati, 32",20124,Milano,Milano (MI),Lombardia,F/2911,11015890152
FARMACIA NIGUARDA S.R.L.,"Via Monterotondo, 1",20162,Milano,Milano (MI),Lombardia,F/2761,05381520963
FARMACIA MODIANO CLARA S.A.S. DEL DR. PAGLIANO MAURIZIO MARIA & C.,"Piazza STUPARICH, 4",20148,Milano,Milano (MI),Lombardia,F/2897,10543370968
FARMACIA DI BARNI MARZIO,"Via Via FRATELLI LUMIERE, 2",20127,Milano,Milano (MI),Lombardia,F/2725,05322260968
Farmacia Bovisasca S.r.l.,"Via Bovisasca, 173",20157,Milano,Milano (MI),Lombardia,F/2834,10123240961
Farmacia Fiduciaria Milano 1907 S.r.l.,"Piazza Caiazzo, 2",20124,Milano,Milano (MI),Lombardia,F/2895,10142390961
Farmacia Centrale S.n.c. Della Dott.ssa Maria Cristina Lugli,"Via Spadari, 13",20123,Milano,Milano (MI),Lombardia,F/2992,13261480159
Farmacia Beato Angelico - S.r.l.,"Piazza Guardi, 15",20133,Milano,Milano (MI),Lombardia,F/2862,10146710966
FARMACIA VAL DI SOLE DELLA DOTT.SSA TOSELLI ELENA,"Via Val di Sole, 22",20141,Milano,Milano (MI),Lombardia,F/3002,01663790184
SAN BABILA FARMA S.R.L.,"Via della Spiga, 2",20121,Milano,Milano (MI),Lombardia,F/2883,10393660963
FARMACIA S. GIOVANNI SNC DELLA DR.SSA CANETTI CESARINA E C.,"Via Pola, 13",20124,Milano,Milano (MI),Lombardia,F/2670,05273210962
Dinamica sas,"Via L. il Moro, 3",20143,Milano,Milano (MI),Lombardia,F/2937,11209770962
FARMACIA BERTOLINI SAS DELLA DOTT.SSA BERTOLINI ISABELLA,"Via Saponaro, 34",20142,Milano,Milano (MI),Lombardia,F/2679,12238550961
S.Antonio snc,"Via Pellegrino Rossi, 44",20161,Milano,Milano (MI),Lombardia,F/3014,03626410967
FARMACIA AMBROSIANA S.N.C. DEL DR. SLAVIERO GIOVANNI & C.,"Viale Regina Giovanna, 42",20129,Milano,Milano (MI),Lombardia,F/2817,12673910969
FARMACIA MONTE SANTO S.R.L.,"Piazzale Principessa Clotilde, 8",20124,Milano,Milano (MI),Lombardia,F/2933,10561900969
Farmacia Viale Romagna srl,"Viale Romagna, 25",20133,Milano,Milano (MI),Lombardia,F/2662,07207710968
DELLA TORRETTA SAS DI MONICA ROCCHI E C.,"Largo Promessi Sposi, 4",20142,Milano,Milano (MI),Lombardia,F/2956,11510970962
PISANI 26 SAS DEL DR. POLVER ANGELO,"Via Vittor Pisani, 26",20124,Milano,Milano (MI),Lombardia,F/2641,12659860964
BANDI,"Via Rovereto, 14 Ang. Viale Monza",20127,Milano,Milano (MI),Lombardia,F/2907,12444410968
FARMACIA CHIESA ROSSA SAS DI NORBERTO LUMINI & C,"Via Medeghino, 27",20141,Milano,Milano (MI),Lombardia,F/2920,11077810965
FARMACIA CASSIODORO SRL,"Viale Cassiodoro, 12",20100,Milano,Milano (MI),Lombardia,F/2855,02330410982
farmacia del corso srl unipersonale,"Corso Genova, 23",20123,Milano,Milano (MI),Lombardia,F/2975,10945450962
Farmacia Vigentino srl,"Via Ripamonti, 108",20141,Milano,Milano (MI),Lombardia,F/2806,12453830965
FARMACIA FUSCO SAS DI MONTAGNANI -MARELLI DOTT.ROSSELLA &C.,"Via GIANBATTISTA BODONI, 19",20155,Milano,Milano (MI),Lombardia,F/2872,12657150962
Farmacia Sanitas SAS,"Corso Garibadi, 49",20121,Milano,Milano (MI),Lombardia,F/2658,10572440963
FARMACIA BLIGNY SAS DEL DR. GIOVANNI BRAMBILLA,"Viale Bligny, 23/A",20136,Milano,Milano (MI),Lombardia,F/2925,12629830964
Farmacia Comina Srl,"Via Delle Ande, 5",20151,Milano,Milano (MI),Lombardia,F/2821,05905960968
dott.ssa daniela mattalia,"Piazza washington, 98",20146,Milano,Milano (MI),Lombardia,F/2644,12618270966
MONTAGNA SNC,"Viale Tibaldi, 50",20136,Milano,Milano (MI),Lombardia,F/2852,11071770967
FARMACIA BERTA SRL,"Viale Monza, 43/B",20127,Milano,Milano (MI),Lombardia,F/2602,07087680968
FARMACIA WAGNER S.R.L.,"Via Buonarroti, 5",20149,Milano,Milano (MI),Lombardia,F/2600,08844420961
FARMACIA MADIA SAS DEL DR. MADIA DARIO,"Viale Zara, 38",20124,Milano,Milano (MI),Lombardia,F/2854,12139450964
Del parco srl,"Via Angelo Rizzoli, 47",20132,Milano,Milano (MI),Lombardia,F/3008,10912580965
FARMACIA CANEVA SRL,"Piazza CANEVA, 3",20154,Milano,Milano (MI),Lombardia,F/2698,12113350966
FARMACIA OVIDIO S.N.C. DI GEROSA CLAUDIO E CHIARA,"Via Toscolano, 1",20138,Milano,Milano (MI),Lombardia,F/2980,13118020158
Farmacia Palmanova sas dr.ssa Barbara Gallo & co.,"Piazza Udine, 8",20132,Milano,Milano (MI),Lombardia,F/2705,10863810965
FARMACIA NUOVA INGANNI SNC,"Via Inganni, 70",20147,Milano,Milano (MI),Lombardia,F/2923,03926990965
FARMACIA TOMMASEO S.R.L.,"Via Mascheroni, 16",20145,Milano,Milano (MI),Lombardia,F/2944,06384400963
FARMACIA AL PONTE S.A.S. DEL DR. FRIGERIO GUIDO E C.,"Piazza Costantino, 1",20128,Milano,Milano (MI),Lombardia,F/2890,11795440962
MUNICIPALE N.22,"Via Fratelli Zoia, 43",20134,Milano,Milano (MI),Lombardia,F/2718,13195220150
MUNICIPALE N.23,"Via Lomellina ang. Via Monte Suello, 1",20133,Milano,Milano (MI),Lombardia,F/2719,13195220150
LloydsFarmacia Milano n. 26,"Via Pascarella, 22",20157,Milano,Milano (MI),Lombardia,F/2724,13195220150
LloydsFarmacia Milano n. 32,"Via Pellini, 1",20125,Milano,Milano (MI),Lombardia,F/2738,13195220150
LloydsFarmacia Milano n. 30,"Via Pizzolpasso, 5",20138,Milano,Milano (MI),Lombardia,F/2739,13195220150
LloydsFarmacia Milano n. 21,"Via Gian Rinaldo Carli, 14",20161,Milano,Milano (MI),Lombardia,F/2740,13195220150
COMUNALE N.38,"Via Saponaro, 2/C",20142,Milano,Milano (MI),Lombardia,F/2741,13195220150
MUNICIPALE N.9,"Via Mecenate, 25",20138,Milano,Milano (MI),Lombardia,F/2745,13195220150
LloydsFarmacia Milano n.40,"Via della Chiesa Rossa, 95",20142,Milano,Milano (MI),Lombardia,F/2747,13195220150
LloydsFarmacia Milano n. 27,"Piazza Imperatore Tito, 8",20137,Milano,Milano (MI),Lombardia,F/2750,13195220150
AZIENDA FARMACIE MILANESI SPA O SOLO A.F.M. S.P.A.,Via E. Ponti,20143,Milano,Milano (MI),Lombardia,F/2764,13195220150
MUNICIPALE N.51,"Via Padova, 256 (Via Pieri 1)",20127,Milano,Milano (MI),Lombardia,F/2765,13195220150
LloydsFarmacia Milano n.54,"Via Scheiweller, 2",20139,Milano,Milano (MI),Lombardia,F/2766,13195220150
MUNICIPALE N.50,"Via Ampere, 87",20131,Milano,Milano (MI),Lombardia,F/2769,13195220150
MUNICIPALE N.56,"Via S.Paolino, 18",20142,Milano,Milano (MI),Lombardia,F/2770,13195220150
LloydsFarmacia Milano n.52,"Piazza Velasquez, 7",20148,Milano,Milano (MI),Lombardia,F/2774,13195220150
MUNICIPALE N.55,"Via Imbonati, 61",20159,Milano,Milano (MI),Lombardia,F/2775,13195220150
MUNICIPALE N.69,Piazza Monte Titano,20134,Milano,Milano (MI),Lombardia,F/2790,13195220150
COMUNALE 73,"Via Inganni, 40",20147,Milano,Milano (MI),Lombardia,F/2796,13195220150
MUNICIPALE N.75,"Via Giorgio Washington, 74",20146,Milano,Milano (MI),Lombardia,F/2799,13195220150
MUNICIPALE N.76,"Via Dei Guarneri, 24",20141,Milano,Milano (MI),Lombardia,F/2800,13195220150
MUNICIPALE N.77,"Via Porpora, 169",20131,Milano,Milano (MI),Lombardia,F/2803,13195220150
FARMACIA V ALPINI SAS DI PERRECA DR.SSA PATRIZIA,"Largo QUINTO ALPINI, 1",20145,Milano,Milano (MI),Lombardia,F/2685,12246290964
PESENTI SRL,"Via Ignazio Ciaia, 3/a - 3/b",20158,Milano,Milano (MI),Lombardia,F/2977,13066510150
FARMACIA NOVARA SRL,"Via NOVARA, 90",20153,Milano,Milano (MI),Lombardia,F/2638,08267990961
Farmacia Novara Srl,"Via Archimede, 20",20129,Milano,Milano (MI),Lombardia,F/2812,08267990961
S. ANNA SAS DR.SSA BRAVI CRISTINA,"Via Paravia, 73",20148,Milano,Milano (MI),Lombardia,F/2687,12150970965
FARMACIA GASTALDI DI DR. PIETRO BENZI & C. S.N.C.,"Via Cesare Faccioli, 2",20152,Milano,Milano (MI),Lombardia,F/2788,09162190962
FARMACIA BELTRADE S.R.L.,"Piazza Santa Maria Beltrade, 1",20123,Milano,Milano (MI),Lombardia,F/2861,10564470960
FARMACIA MONTI SRL,"Via Luigi Varanini, 19",20127,Milano,Milano (MI),Lombardia,F/2868,12062180968
FARMACIA CAMPIONI S.R.L.,"Viale S. Gimignano, 30",20146,Milano,Milano (MI),Lombardia,F/2683,12086340960
FARMACIA ZANOTTA SAS DI ANTONELLA ZANOTTA E C.,"Via Pulci, 19",20126,Milano,Milano (MI),Lombardia,F/2680,12308750962
FARMACIA SANTA RITA SRL,"Piazzale Gabriele Rosa, 11",20139,Milano,Milano (MI),Lombardia,F/2934,12091650965
FARMACIA SANTA TERESA S.R.L.,"Corso Magenta, 96",20123,Milano,Milano (MI),Lombardia,F/2661,11050820965
FARMACIA DEL DUOMO S.R.L.,"Via Larga, 6",20122,Milano,Milano (MI),Lombardia,F/2626,08052330969
FARMACIA LANZANI S.R.L.,"Via LESSONA, 2",20157,Milano,Milano (MI),Lombardia,F/2758,05270390965
Farmacia Nizza di Club Salute Srl,"Via G. Murat, 85",20159,Milano,Milano (MI),Lombardia,F/2706,06414420965
Nostra Signora di Montallegro SRL,"Via Bari, 11/A",20143,Milano,Milano (MI),Lombardia,F/18606,12454910964
LAFARMACIA.MADONNINA,"Via UGO BETTI, 42/b",20151,Milano,Milano (MI),Lombardia,F/2903,03207930961
FARMACIA PROCACCINI S.R.L.,"Via Lomazzo, 44-Ang. Via Procaccini 28",20154,Milano,Milano (MI),Lombardia,F/3004,03207930961
FARMACIA CITTA' STUDI S.R.L.,"Largo Murani, 2",20133,Milano,Milano (MI),Lombardia,F/2830,12084970966
PAOLO SARPI SRL,"Via Paolo Sarpi, 25",20154,Milano,Milano (MI),Lombardia,F/2813,05565080966
MUNICIPALE N.17,"Viale Ungheria, 4",20138,Milano,Milano (MI),Lombardia,F/16356,13195220150
MUNICIPALE N.1,"Via del Liri, 1/3",20138,Milano,Milano (MI),Lombardia,F/16962,13195220150
MUNICIPALE N.86,"Via San Bernardo, 2",20142,Milano,Milano (MI),Lombardia,F/18617,13195220150
MUNICIPALE N.43,"Piazzale Cuoco, 8",20137,Milano,Milano (MI),Lombardia,F/2673,13195220150
MUNICIPALE N.82,"Via Padova Ang. Via Toselli, 2",20127,Milano,Milano (MI),Lombardia,F/2704,13195220150
A.F.M. N. 2,"Via Parenzo, 8",20151,Milano,Milano (MI),Lombardia,F/2707,13195220150
MUNICIPALE N.19,"Piazza Prealpi, 3",20155,Milano,Milano (MI),Lombardia,F/2715,13195220150
LloydsFarmacia Milano n. 3,"Via Fratelli Denti, 2",20133,Milano,Milano (MI),Lombardia,F/2716,13195220150
del Lazzaretto,"Via Via Panfilo Castaldi, 29",20124,Milano,Milano (MI),Lombardia,F/2816,13432380965
FARMACIA BALBONI S.r.l.,"Via Giovanni Pezzotti, 59",20141,Milano,Milano (MI),Lombardia,F/2990,10581280962
FARMACIA URUGUAY S.R.L.,"Via SEM BENELLI, 11-Ang. Via Uruguay",20129,Milano,Milano (MI),Lombardia,F/2847,13745860968
FARMACIA CENTRO MILANO SRL,"Via San Prospero ¿ Ing. Via Broletto, 1",20121,Milano,Milano (MI),Lombardia,F/2841,06769500965
Dell'Orso Milano,"Via dell'Orso, 1",20121,Milano,Milano (MI),Lombardia,F/2863,06769500965
Farmacia Meazza di Dott.ssa A. MEAZZA & C. SNC,"Via Forze Armate, 4",20147,Milano,Milano (MI),Lombardia,F/2940,11978270152
FARMACIA S.CRISTOFORO S.A.S. DI NOBIS ANDREA E C.,"Piazza Tirana, SNC",20147,Milano,Milano (MI),Lombardia,F/2995,12772080151
FARMACIA GIANNONE SAS,"Via C. FARINI, 5",20154,Milano,Milano (MI),Lombardia,F/2597,13225390965
Lloyds Farmacia Largo Augusto,"Largo Augusto, 8",20122,Milano,Milano (MI),Lombardia,F/2845,03653681209
FARMACIA SANSOVINO S.N.C. DELLA DOTT.SSA SANSONE FEDERICA & C.,"Via Sansovino, 1",20133,Milano,Milano (MI),Lombardia,F/3012,10124080960
NUOVA FARMACIA FATEBENEFRATELLI S.R.L.,"Piazzale PRINCIPESSA CLOTILDE, 1",20121,Milano,Milano (MI),Lombardia,F/2982,08965060968
FARMACIA SALGARI SRL,"Via Caroncini Alberto, 6",20137,Milano,Milano (MI),Lombardia,F/2689,12094200966
FARMACIA SERRA SAS DELLA DR.SSA TAVEGGIA PAOLA,"Viale Renato Serra, 52",20149,Milano,Milano (MI),Lombardia,F/2703,13862740969
Coni Zugna Farma,"Viale Coni Zugna, 56",20144,Milano,Milano (MI),Lombardia,F/2950,10376470968
FARMACIA SANTA CHIARA SNC DOTTORI COLOMBO LEONI ALFREDO ANDREA MARIA E ANNA GIULIA MARIA,"Via Crescenzago, 36",20134,Milano,Milano (MI),Lombardia,F/2971,10921980966
Farmacia Imbriani,"Via Degli Imbriani, 35",20158,Milano,Milano (MI),Lombardia,F/2639,05937180965
FARMACIA DE MARCHI S.R.L.,"Via Emilio De Marchi, 10",20125,Milano,Milano (MI),Lombardia,F/2668,11844140969
FARMACIA S. MATTEO SAS DELLA DR.SSA CASTAGNOLA LAURA ENRICA,"Via Civitali, 41",20148,Milano,Milano (MI),Lombardia,F/2871,13781710960
FARMACIA REPUBBLICA SRL,"Viale TUNISIA, 41",20124,Milano,Milano (MI),Lombardia,F/2931,13393680965
FARMACIA CARROBBIO SRL,"Via STAMPA, 14",20123,Milano,Milano (MI),Lombardia,F/2839,13459130962
FARMACIA CARNEVALE S.N.C. DI CARNEVALE BONINO ANDREA,"Via Raffaello Sanzio, 2/A",20149,Milano,Milano (MI),Lombardia,F/2964,13834540968
FARMACIA SCALABRINI SRL,"Largo Scalabrini, 6",20146,Milano,Milano (MI),Lombardia,F/2996,12684210961
FARMACIA ALLA PORTA S.R.L.,"Via Vaina ang. Porta Romana, 2",20122,Milano,Milano (MI),Lombardia,F/2913,05353530966
FARMACIA CANONICA S.N.C. DEL DOTT. PIERCARLO MANELLI,"Via LUIGI CANONICA, 32",20154,Milano,Milano (MI),Lombardia,F/3017,13228000967
CADORNA SNC DR. TIEGHI GIORGIO & C.,"Piazzale Cadorna, 11",20123,Milano,Milano (MI),Lombardia,F/3011,03362610960
FARMACIA OLMETTO S.A.S. DEL DOTT. SELLE MARCO E C.,"Via Wittgens, 3",20123,Milano,Milano (MI),Lombardia,F/2828,12089440965
FARMACIA FARINATTI S.N.C. DEI DOTTORI SILVIA E GIUSEPPE FARINATTI,"Via Pier Della Francesca, 3",20154,Milano,Milano (MI),Lombardia,F/2645,05438820960
farmacia Concordia dr. Papa srl,"Corso Concordia, 16",20129,Milano,Milano (MI),Lombardia,F/2611,13257040967
Farmacia Plinio,"Via Plinio, 11",20129,Milano,Milano (MI),Lombardia,F/2631,12151280968
Farmacia Bergognone SAS,"Via Bergognone, 31",20144,Milano,Milano (MI),Lombardia,F/3020,10209770964
"FARMACIA MALPIGHI S.N.C. DI GUFFANTI GIAN PAOLO, CHIARA E GIORGIO","Via Malpighi, 12",20129,Milano,Milano (MI),Lombardia,F/2684,12867160967
FARMACIA FIORE SNC DELLE DR.SSE FIORE BARBARA E SIMONA,"Via Strigelli, 2",20135,Milano,Milano (MI),Lombardia,F/2650,07561670964
tripharma s.a.s. di manelli maria luisa & c.,"Via via guglielmo silva, 39",20149,Milano,Milano (MI),Lombardia,F/2696,12968820964
FARMACIA PORPORA SRL,"Via Porpora, 148",20131,Milano,Milano (MI),Lombardia,F/3010,09151920965
Sant'Elena srl,"Via Fratelli Zoia, 84",20153,Milano,Milano (MI),Lombardia,F/2755,13073430962
FARMACIA IGEA S.R.L.,"Via Gustavo Modena, 25",20129,Milano,Milano (MI),Lombardia,F/2966,07980390962
FARMACIA UMANITARIA S.R.L.,"Via Achille Maiocchi, 14",20129,Milano,Milano (MI),Lombardia,F/2962,07980640960
FARMACIA CAIROLI S.R.L.,"Via San Giovanni Sul Muro, 9",20121,Milano,Milano (MI),Lombardia,F/2624,09145070968
FARMACIA SENATO S.R.L.,"Via Senato, 2",20121,Milano,Milano (MI),Lombardia,F/2936,08801680961
FARMACIA CANOSSA S.R.L.,"Corso Sempione, 67",20149,Milano,Milano (MI),Lombardia,F/2757,12021210963
FARMACIA RAVIZZA S.R.L.,"Via Marghera, 18",20149,Milano,Milano (MI),Lombardia,F/2882,06578900968
ROMA SNC,"Via Piacenza, 24",20135,Milano,Milano (MI),Lombardia,F/2946,06700780965
FARMACIA LEGA LOMBARDA S.R.L.,"Viale Elvezia, 6",20154,Milano,Milano (MI),Lombardia,F/2963,12514310155
HIPPO 80 FARMA SRL,"Via Stradella, 1",20129,Milano,Milano (MI),Lombardia,F/2870,11261800962
Abruzzi,"Via Plinio Caio Secondo, 46",20129,Milano,Milano (MI),Lombardia,F/2912,11261800962
LAFARMACIA.BONOLA SRL,"Via Ugo Betti, 159/B",20151,Milano,Milano (MI),Lombardia,F/2974,10425280962
FARMACIA OGGIARO SRL,"Via Ungaretti, 12",20157,Milano,Milano (MI),Lombardia,F/2746,04720760968
FARMACIA DR MAX MILANO BAUSAN,"Piazza GIOVANNI BAUSAN, 3",20158,Milano,Milano (MI),Lombardia,F/2609,03664141201
DR.MAX ITALIA SRL,"Piazza Insubria, 11",20137,Milano,Milano (MI),Lombardia,F/2756,03664141201
FARMACIA CASTOLDI DEI DOTTORI NATALE E SANTILLI SRL,"Via Luigi Porro Lambertenghi, 25",20159,Milano,Milano (MI),Lombardia,F/17205,06197990960
Farmacia Della Roggia,"Viale Toscana, 17",20136,Milano,Milano (MI),Lombardia,F/2869,05632870878
GESTIONI S. GIUSEPPE S.R.L.,"Via San Vittore, 12",20123,Milano,Milano (MI),Lombardia,F/2629,04638170961
Farmacia Forze Armate,"Via Forze Armate, 212",20152,Milano,Milano (MI),Lombardia,F/2699,03706040361
FARMACIA SFORZAS.A.S. DI GUARNIERI ANTONIO,"Via LODOVICO IL MORO, 163",20142,Milano,Milano (MI),Lombardia,F/2875,13794150964
Farmacia Pasubio Farma Acquisition Srl,"Via Pasubio, 6/8",20154,Milano,Milano (MI),Lombardia,F/2598,02489000998
Farmacia Carlo Erba,"Piazza Duomo, 21",20121,Milano,Milano (MI),Lombardia,F/2681,02489000998
Farmacia Venezia Farma Acquisition S.r.l.,"Corso Buenos Aires, 22",20124,Milano,Milano (MI),Lombardia,F/2751,02489000998
Farmacia Stazione Centrale Farma Acquisition Srl,"P.zale Duca D'Aosta, Snc-staz. Centrale-primo Piano",20125,Milano,Milano (MI),Lombardia,F/2762,02489000998
Farmacia Durini Farma Acquisition S.r.l.,"Galleria Passarella, 1",20122,Milano,Milano (MI),Lombardia,F/2838,02489000998
Farmacia Fulvio Testi Farma Acquisition S.r.l.,"Viale Fulvio Testi, 90",20126,Milano,Milano (MI),Lombardia,F/2976,02489000998
Farmacia Corvetto Farma Acquisition S.r.l.,"Viale Lucania, 6",20139,Milano,Milano (MI),Lombardia,F/2985,02489000998
Farmacia Ranzoni,"Viale Ranzoni, 2",20149,Milano,Milano (MI),Lombardia,F/3003,02489000998
FARMACIA MILANO VESUVIO,"Piazza Vesuvio, 14",20144,Milano,Milano (MI),Lombardia,F/2627,12283700966
FARMACIA MILANO BAIRES,"Corso Buenos Aires, 55",20124,Milano,Milano (MI),Lombardia,F/2642,12283700966
FARMACIA MILANO SETTEMBRINI,"Via Luigi Settembrini, 39",20124,Milano,Milano (MI),Lombardia,F/2667,12283700966
FARMACIA MILANO SAINT BON,"Via SAINT BON SIMONE, 2",20147,Milano,Milano (MI),Lombardia,F/2760,12283700966
FARMA MILANO - QUARENGHI,"Via Quarenghi, 23",20151,Milano,Milano (MI),Lombardia,F/2818,12283700966
FARMACIA MILANO PORTA ROMANA,"Corso Porta Romana, 68",20122,Milano,Milano (MI),Lombardia,F/2901,12283700966
FARMACIA MILANO SOLFERINO,"Via Solferino, 25",20121,Milano,Milano (MI),Lombardia,F/2928,12283700966
Farmacia Milano - Altamura,"Via Altamura, 20",20148,Milano,Milano (MI),Lombardia,F/3001,12283700966
FARMACIA S. MICHELE S.R.L.,"Viale Coni Zugna, 12",20144,Milano,Milano (MI),Lombardia,F/2905,11070440968
FARMACIA PREMUDA S.A.S. DEL DR. DEL GENOVESE EDOARDO MARIO VINCENZO & C.,"Via Pasquale Sottocorno, 1",20129,Milano,Milano (MI),Lombardia,F/2819,13866670964
farmacia piazza gramsci,"Via paolo sarpi, 62",20154,Milano,Milano (MI),Lombardia,F/2731,03860200967
SUZZANI SNC DI ROMANO E ALBERTO MISSAGLIA,Viale Suzzani 18,20162,Milano,Milano (MI),Lombardia,F/2759,03860200967
FARAM SNC sede di corso di porta ticinese,"Corso P.ta Ticinese, 98",20123,Milano,Milano (MI),Lombardia,F/2864,03860200967
FARAM SNC sede di piazzale Martesana,"Piazzale Martesana, 4 - Angolo V.le Monza",20126,Milano,Milano (MI),Lombardia,F/2866,03860200967
FARMACIA BOIFAVA S.R.L.,"Via Pietro Boifava, 31/B",20142,Milano,Milano (MI),Lombardia,F/2927,10698600151
FARMACIA F.LLI RAGNI S.r.l.,"Via Litta Modignami, 5",20161,Milano,Milano (MI),Lombardia,F/2856,08441520965
